{
  "train_loss": [
    0.936839443186055,
    0.5849250140397445,
    0.40630496455275494,
    0.28928740743709647,
    0.22167597063209699,
    0.18203146010637283,
    0.1616564762333165,
    0.13888534611981848,
    0.12328272766393164,
    0.12070226037631863,
    0.10264885895278143,
    0.10018721984132477,
    0.0930990180729524,
    0.08975021541118622,
    0.08926980205528114,
    0.0825018206530291,
    0.08154673096926315,
    0.08482265755858111,
    0.08226467515139477,
    0.07344541528626629,
    0.07322029599353023,
    0.0706045570904794,
    0.06878563057145347,
    0.07131784433579963,
    0.06707846600076427,
    0.07163381827590258,
    0.063264862836703,
    0.06769802299854548,
    0.06424607547081035,
    0.06512521919996841
  ],
  "val_loss": [
    0.597770094871521,
    0.42000963117765344,
    0.3292194604873657,
    0.22836850907491602,
    0.16493292671182883,
    0.17399327068225198,
    0.21729264052017874,
    0.12399654803068741,
    0.117354532946711,
    0.09643784262563872,
    0.10781401460585387,
    0.10406604959912923,
    0.09841274761635324,
    0.09239081617282785,
    0.0919646306530289,
    0.08028908138689787,
    0.09496335361314856,
    0.08233273385659508,
    0.08480619995490364,
    0.07456624410722566,
    0.07105796087695204,
    0.08233951680038286,
    0.07615540646340536,
    0.07727858262217563,
    0.07408557103379913,
    0.07977183033590732,
    0.07237154164392015,
    0.07462592228599217,
    0.07544462933488515,
    0.07467518633474475
  ],
  "test_loss": 0.06017788208049277,
  "train_dice": [
    0.7208647941765578,
    0.858754654293475,
    0.8876005722128827,
    0.9016327767268472,
    0.9135688478532045,
    0.9206176179906597,
    0.9241423205189083,
    0.9281348119611326,
    0.936900372090547,
    0.9355702555697897,
    0.9440984648206959,
    0.9446191049140432,
    0.947577733060588,
    0.9490151508994724,
    0.9482930224874745,
    0.9518430738345437,
    0.9516520085542098,
    0.9485626998155013,
    0.9508475415084673,
    0.9560406324656113,
    0.9565054994562397,
    0.9589359060577725,
    0.9577395332896191,
    0.9565221757992454,
    0.9588187738605167,
    0.9580027163028717,
    0.9617635892785114,
    0.95861765353576,
    0.9617367749628813,
    0.9601584323074507
  ],
  "val_dice": [
    0.8579279339831808,
    0.8908092249994692,
    0.8879846645438153,
    0.9169531853302665,
    0.9307496133057968,
    0.9199136962061343,
    0.870832261831864,
    0.9337767544000045,
    0.9344378761623217,
    0.945455260898756,
    0.9390096612598585,
    0.9376215520112411,
    0.9392449596653814,
    0.9445225622342981,
    0.9437125791674075,
    0.9496892457423003,
    0.9415551268536112,
    0.9492061397303706,
    0.9465190379515939,
    0.9532912451287975,
    0.9550488409788712,
    0.9476734399795532,
    0.9514004873192828,
    0.9507231219955112,
    0.9532625519711039,
    0.9495649156363114,
    0.9548434019088745,
    0.9532507087873376,
    0.9524232149124146,
    0.9530314181161963
  ],
  "test_dice": 0.9629255092662313,
  "learning_rates": [
    0.001,
    0.0009972609476841367,
    0.0009890738003669028,
    0.0009755282581475768,
    0.0009567727288213003,
    0.0009330127018922195,
    0.0009045084971874739,
    0.0008715724127386972,
    0.0008345653031794292,
    0.0007938926261462366,
    0.00075,
    0.0007033683215379003,
    0.0006545084971874739,
    0.0006039558454088797,
    0.0005522642316338269,
    0.0005000000000000002,
    0.0004477357683661734,
    0.00039604415459112036,
    0.0003454915028125264,
    0.00029663167846210003,
    0.00025000000000000017,
    0.00020610737385376354,
    0.00016543469682057108,
    0.00012842758726130303,
    9.549150281252637e-05,
    6.698729810778068e-05,
    4.322727117869953e-05,
    2.447174185242324e-05,
    1.092619963309716e-05,
    2.7390523158633003e-06
  ],
  "epoch_times": [
    20.362234354019165,
    10.498364448547363,
    10.986031293869019,
    11.019975662231445,
    10.451495170593262,
    10.289524793624878,
    10.348939180374146,
    10.391082763671875,
    10.40518569946289,
    10.463397741317749,
    10.47843599319458,
    9.007230281829834,
    8.42726731300354,
    7.3719611167907715,
    7.614254474639893,
    7.567143440246582,
    7.590694427490234,
    7.635469675064087,
    7.610697507858276,
    7.632662296295166,
    7.617297649383545,
    7.540784597396851,
    7.58027195930481,
    7.598076105117798,
    8.248372316360474,
    7.576400279998779,
    7.587042331695557,
    7.5723161697387695,
    7.720189332962036,
    11.043452024459839
  ],
  "best_epoch": 21,
  "best_val_loss": 0.07105796087695204,
  "hyperparameters": {
    "model": "UNet",
    "base_channels": 32,
    "depth": 4,
    "batch_size": 4,
    "learning_rate": 0.001,
    "optimizer": "AdamW",
    "scheduler": "CosineAnnealingLR",
    "loss": "BCEWithLogitsLoss + 1.0*DiceLoss",
    "resize": 512,
    "epochs": 30,
    "dataset": "PhC-C2DH-U373",
    "sequences": [
      "01",
      "02"
    ],
    "mask_source": "ST",
    "augmentation": true,
    "device": "cuda",
    "mixed_precision": true,
    "seed": 42
  }
}