{
  "train_loss": [
    0.717923649970223,
    0.5731072566088509,
    0.531382597544614,
    0.4984854196800905,
    0.46701714484130635,
    0.42534808463910045,
    0.3970842536757974,
    0.380414877744282,
    0.3512206568437464,
    0.34412875420906963,
    0.34766365763019114,
    0.3154669903657016,
    0.29208562829915213,
    0.2802913399303661,
    0.26521898893749013,
    0.26277517571168785,
    0.2607230609830688,
    0.24808314442634583,
    0.25868985758108254,
    0.2403731420636177,
    0.23603406504673116,
    0.2351885223213364,
    0.2268642660449533,
    0.22372832412228866,
    0.2184395391274901,
    0.21893364541670857,
    0.21188131807481542,
    0.206846003585002,
    0.20649303977980332,
    0.21120161913773594,
    0.21046874058597229,
    0.20926958410178914,
    0.2070586273775381,
    0.21342465106178732,
    0.2083395154160612,
    0.20316695465761073,
    0.19895415928433924,
    0.20002113940084681,
    0.19702797383069992,
    0.20118270244668512,
    0.19843527806155822,
    0.18861619952846975,
    0.1909315989297979,
    0.1959528883590418,
    0.19113478415152607,
    0.18669226239709294,
    0.18856910002582214,
    0.18736665958867355,
    0.1888474694946233,
    0.18532842704478433,
    0.18449792441199808,
    0.1826308860498316,
    0.1799648077610661,
    0.17962275708422942,
    0.183725728708155,
    0.18081486115560813,
    0.180924072423402,
    0.18169836809529977,
    0.17663598367396524,
    0.17897596210241318,
    0.17500388622283936,
    0.17371807904804454,
    0.17659992154906778,
    0.17423245135475607,
    0.17284251355073033,
    0.17505364996545456,
    0.170064937980736,
    0.17447478718617382,
    0.170578466837897,
    0.16953730627017863,
    0.16884537786245346,
    0.17253639811978622,
    0.16857297652784517,
    0.16889053407837362,
    0.16875364456106634,
    0.16838835837209926,
    0.16980642365182147,
    0.16837630683884902,
    0.16669782842783368,
    0.16777374507749782,
    0.1671579857082928,
    0.16834409513017712,
    0.1636896238607519,
    0.16741312645814,
    0.16300975509426174,
    0.16426612875040839,
    0.16355610397808693,
    0.16277647544355953,
    0.16275261999929652,
    0.16377420241341872,
    0.1631775388822836,
    0.16156721399987445,
    0.16638466365197124,
    0.1619724236867007,
    0.1635855960057062,
    0.161218072342522,
    0.16304165102979717,
    0.1596003856290789,
    0.1625957226052004,
    0.16402333383174503
  ],
  "val_loss": [
    0.7787413597106934,
    0.7330027371644974,
    0.6173660755157471,
    0.549870029091835,
    0.4577283412218094,
    0.49872803688049316,
    0.3915772959589958,
    0.4221118837594986,
    0.35735028982162476,
    0.3399636819958687,
    0.3169312998652458,
    0.3850396126508713,
    0.31718914210796356,
    0.338090144097805,
    0.2943849042057991,
    0.3033827543258667,
    0.2855077311396599,
    0.2679543197154999,
    0.249406348913908,
    0.23856185749173164,
    0.24142923578619957,
    0.2392554134130478,
    0.2475232407450676,
    0.22427717596292496,
    0.22325827553868294,
    0.2174721360206604,
    0.2110537849366665,
    0.2387603148818016,
    0.2276822328567505,
    0.20815233513712883,
    0.22343526408076286,
    0.24390973150730133,
    0.21171140670776367,
    0.2170059010386467,
    0.2341899573802948,
    0.2226049080491066,
    0.21624452248215675,
    0.22004835307598114,
    0.2534331679344177,
    0.21763570234179497,
    0.22523723915219307,
    0.20335177332162857,
    0.2153742052614689,
    0.203682329505682,
    0.20894717425107956,
    0.1992061249911785,
    0.2088727317750454,
    0.1949547864496708,
    0.20740144327282906,
    0.20162339136004448,
    0.20230549573898315,
    0.2060081921517849,
    0.2089611552655697,
    0.20521757751703262,
    0.20349235087633133,
    0.19797968864440918,
    0.1929074563086033,
    0.20159321650862694,
    0.20631133019924164,
    0.1937226690351963,
    0.1940164864063263,
    0.19560352340340614,
    0.19663126021623611,
    0.18565112352371216,
    0.1963854767382145,
    0.18808343261480331,
    0.20234161615371704,
    0.19219637662172318,
    0.18729184567928314,
    0.19498168677091599,
    0.19018113240599632,
    0.19246481731534004,
    0.1890951655805111,
    0.18737946450710297,
    0.18731027096509933,
    0.1999831758439541,
    0.19354036822915077,
    0.18318788707256317,
    0.1872791275382042,
    0.18747977912425995,
    0.1914573423564434,
    0.1943330615758896,
    0.1936493217945099,
    0.18620790168642998,
    0.18895472586154938,
    0.19034430384635925,
    0.1887739896774292,
    0.19126563146710396,
    0.18967310711741447,
    0.18753784522414207,
    0.19125189632177353,
    0.18964843824505806,
    0.1887294091284275,
    0.18755165487527847,
    0.18597370758652687,
    0.18470293655991554,
    0.18581141903996468,
    0.18704025447368622,
    0.1865314617753029,
    0.18322252482175827
  ],
  "test_loss": 0.1740795485675335,
  "train_dice": [
    0.812621393624474,
    0.8567942976951599,
    0.8661391507176792,
    0.8742029561715967,
    0.8792845256188336,
    0.890138615580166,
    0.8960610172327828,
    0.8993613509570851,
    0.9082514170338126,
    0.9113476837382597,
    0.9079595926929923,
    0.9184031679349787,
    0.9238726251265582,
    0.9266868864788729,
    0.9307359614792992,
    0.930896685403936,
    0.9313364835346446,
    0.9352305426317102,
    0.9317048647824455,
    0.9367441517465255,
    0.9380935763611513,
    0.9386444249573875,
    0.9404314388247097,
    0.9420578076558954,
    0.9426732431439793,
    0.943114615538541,
    0.9437712448484757,
    0.9456993656999925,
    0.9451855561312508,
    0.9452211155610926,
    0.9455479400999406,
    0.9451060102266424,
    0.9456678313367507,
    0.9441294547389535,
    0.9453332722187042,
    0.9467640992473153,
    0.9474475734374103,
    0.9472267329692841,
    0.9482721844140221,
    0.9476779243525337,
    0.9478952481466181,
    0.9497009200208327,
    0.9499653630396899,
    0.9490950598436243,
    0.9497730486533221,
    0.9503574248622445,
    0.950411963112214,
    0.9506821702508366,
    0.9502789080142975,
    0.9516642128720003,
    0.950846345985637,
    0.9517362258013558,
    0.9522548019886017,
    0.9526529084233677,
    0.9511250029591953,
    0.9522541884113761,
    0.9526310089756461,
    0.9524427950382233,
    0.9542947306352503,
    0.9527863842599532,
    0.9539589689058416,
    0.9540209875387304,
    0.9536040512954488,
    0.9544706765343162,
    0.9543055979644551,
    0.9539825618267059,
    0.9549244537073023,
    0.9541483153315151,
    0.9550210535526276,
    0.9553453834617839,
    0.9557321106686312,
    0.9545083536821253,
    0.9556747394449571,
    0.9550228083834928,
    0.9557173585190493,
    0.9556915549670949,
    0.9554423006141887,
    0.9555491471991819,
    0.9559749224606682,
    0.9559474377071157,
    0.955823111183503,
    0.9556911850676817,
    0.9565240249914282,
    0.9557378765414742,
    0.9571501472417046,
    0.9566636681556702,
    0.9567859470844269,
    0.9571692610488218,
    0.9569556011873133,
    0.9570422119954053,
    0.9569499703014598,
    0.9577092528343201,
    0.9560319676118738,
    0.9574062017833486,
    0.9572009707198423,
    0.9575438411796794,
    0.9569601924980388,
    0.9577528378542732,
    0.9570666060728186,
    0.9567671996705672
  ],