{
  "train_loss": [
    0.7298348055166357,
    0.567666669978815,
    0.5170625123907538,
    0.4870418327696183,
    0.49009840365718393,
    0.4326186855049694,
    0.4305844578672858,
    0.3827185245121227,
    0.36385565470246706,
    0.32664386489812064,
    0.3134963275755153,
    0.29581227679462996,
    0.2689356654882431,
    0.2852680932949571,
    0.264646057258634,
    0.2512233940994038,
    0.24324392658822677,
    0.2371225729584694,
    0.2323642197777243,
    0.22634573236984365,
    0.2185450586325982,
    0.22067021096453948,
    0.22065851530608008,
    0.2151333089260494,
    0.2122393035713364,
    0.21363770961761475,
    0.21046317763188305,
    0.20742436454576604,
    0.20283590739264207,
    0.20172957155634375,
    0.2015970743754331,
    0.1989911856020198,
    0.20025554036392884,
    0.19513413967455134,
    0.1968260547694038,
    0.20140679618891547,
    0.19230712029863806,
    0.19137956421164906,
    0.1915639630135368,
    0.1869052306694143,
    0.19187719725510655,
    0.18564249399830313,
    0.18807815628893235,
    0.18689324356177273,
    0.18598447520943248,
    0.1884129630292163,
    0.18220047740375295,
    0.18876581200781992,
    0.1880439471672563,
    0.18423829972743988
  ],
  "val_loss": [
    0.6960778385400772,
    0.6916333734989166,
    0.6247819662094116,
    0.5438488572835922,
    0.5190997570753098,
    0.48842983692884445,
    0.45274633914232254,
    0.4282848984003067,
    0.3761802315711975,
    0.3426012024283409,
    0.48286207020282745,
    0.3375226557254791,
    0.28982505947351456,
    0.28339849412441254,
    0.28444766253232956,
    0.2756448984146118,
    0.2650657445192337,
    0.2434430867433548,
    0.23948970809578896,
    0.2623249627649784,
    0.2668249309062958,
    0.23773743957281113,
    0.25282975286245346,
    0.22097045555710793,
    0.23390591144561768,
    0.23950930684804916,
    0.2264818139374256,
    0.2203444018959999,
    0.21363655477762222,
    0.20821909606456757,
    0.22257240489125252,
    0.21075652167201042,
    0.21157722920179367,
    0.2016502544283867,
    0.21475966274738312,
    0.20579541474580765,
    0.2053295560181141,
    0.20646319538354874,
    0.2081606090068817,
    0.2021614983677864,
    0.20375868678092957,
    0.2024761699140072,
    0.20271481946110725,
    0.2039451263844967,
    0.2000076211988926,
    0.20357561483979225,
    0.2004409059882164,
    0.20241819322109222,
    0.20011765509843826,
    0.20213064923882484
  ],
  "test_loss": 0.18833284825086594,
  "train_dice": [
    0.7931377186494715,
    0.8544283053454231,
    0.8683887877885033,
    0.8730947743443882,
    0.8740685810061062,
    0.8878786949550405,
    0.8868072243297801,
    0.899561510366552,
    0.9053834816988777,
    0.9143094928825602,
    0.9182684982524199,
    0.9228856966776007,
    0.9294616632601794,
    0.924941715072183,
    0.9304956337984871,
    0.9346528421430027,
    0.9358778192716486,
    0.9376452758031733,
    0.9387301329304191,
    0.9410098983960993,
    0.9419346504351672,
    0.9417841574724983,
    0.9412594910930184,
    0.9436961587737588,
    0.9433824139482835,
    0.9438439134289237,
    0.944387320209952,
    0.9456282222972197,
    0.9461812429568347,
    0.9464085908497081,
    0.9466634936192456,
    0.9472035046885995,
    0.9470351198140312,
    0.9485283388810999,
    0.947826871100594,
    0.9464149948428658,
    0.9487682703663322,
    0.9495143364457523,
    0.9491658280877506,
    0.950599218116087,
    0.9493003557710087,
    0.9507214742548326,
    0.950329147717532,
    0.950691728030934,
    0.9506520926952362,
    0.9503250683055204,
    0.9518094255643732,
    0.949986094937605,
    0.9502913811627556,
    0.9509833174593308
  ],
  "val_dice": [
    0.8428304046392441,
    0.8374781906604767,
    0.8609225153923035,
    0.87516950070858,
    0.8765017837285995,
    0.8840961307287216,
    0.887412503361702,
    0.8955461084842682,
    0.9067613482475281,
    0.9149119555950165,
    0.8971632719039917,
    0.9186849147081375,
    0.9291124194860458,
    0.9289439767599106,
    0.9276527315378189,
    0.9327293336391449,
    0.9336463510990143,
    0.937642976641655,
    0.9384244829416275,
    0.9313227087259293,
    0.9332332760095596,
    0.9379903078079224,
    0.9354449510574341,
    0.9443595111370087,
    0.9412044882774353,
    0.9401393979787827,
    0.9422961622476578,
    0.9443791955709457,
    0.9459831118583679,
    0.9474009573459625,
    0.9453512281179428,
    0.9469947963953018,
    0.9476369172334671,
    0.9496214538812637,
    0.9462942779064178,
    0.9487665444612503,
    0.9490392953157425,
    0.9486538022756577,
    0.94736048579216,
    0.9494955539703369,
    0.949036493897438,
    0.9498470723628998,
    0.9494473934173584,
    0.9492400735616684,
    0.9501436352729797,
    0.9493224620819092,
    0.9501341581344604,
    0.9498442560434341,
    0.950192853808403,
    0.9498270750045776
  ],
  "test_dice": 0.9522957354784012,
  "learning_rates": [
    0.001,
    0.0009990133642141358,
    0.000996057350657239,
    0.0009911436253643444,
    0.0009842915805643156,
    0.0009755282581475769,
    0.0009648882429441258,
    0.0009524135262330099,
    0.0009381533400219318,
    0.0009221639627510075,
    0.0009045084971874736,
    0.0008852566213878945,
    0.0008644843137107056,
    0.0008422735529643443,
    0.0008187119948743448,
    0.0007938926261462366,
    0.0007679133974894982,
    0.0007408768370508576,
    0.0007128896457825362,
    0.0006840622763423389,
    0.0006545084971874735,
    0.0006243449435824271,
    0.0005936906572928622,
    0.000562666616782152,
    0.0005313952597646566,
    0.0004999999999999998,
    0.00046860474023534314,
    0.00043733338321784774,
    0.00040630934270713756,
    0.00037565505641757246,
    0.00034549150281252633,
    0.00031593772365766105,
    0.00028711035421746355,
    0.0002591231629491422,
    0.00023208660251050145,
    0.00020610737385376337,
    0.00018128800512565502,
    0.00015772644703565555,
    0.00013551568628929425,
    0.00011474337861210535,
    9.549150281252626e-05,
    7.783603724899252e-05,
    6.184665997806817e-05,
    4.7586473766990294e-05,
    3.5111757055874305e-05,
    2.4471741852423218e-05,
    1.5708419435684507e-05,
    8.856374635655634e-06,
    3.942649342761115e-06,
    9.866357858642198e-07
  ],
  "epoch_times": [
    20.51697278022766,
    7.901814222335815,
    7.802135467529297,
    7.756972074508667,
    7.603744983673096,
    7.037604331970215,
    7.623624086380005,
    7.254965782165527,
    7.323740720748901,
    7.6055097579956055,
    7.261826992034912,
    7.471097946166992,
    6.984107494354248,
    6.807606935501099,
    5.420328378677368,
    5.6680989265441895,
    7.022477626800537,
    7.8653342723846436,
    8.492314577102661,
    7.46216344833374,
    7.779918670654297,
    7.6897900104522705,
    7.651571989059448,
    7.038270711898804,
    7.416347026824951,
    7.739810466766357,
    7.546376466751099,
    7.587166786193848,
    7.258325099945068,
    7.1826536655426025,
    7.749603748321533,
    7.324462413787842,
    7.722264051437378,
    7.494145393371582,
    7.507887601852417,
    6.925260782241821,
    5.9328272342681885,
    5.245887756347656,
    5.424000024795532,
    5.682277202606201,
    5.913003921508789,
    6.232839822769165,
    5.991824150085449,
    5.716646671295166,
    7.304311513900757,
    7.695066452026367,
    7.290334224700928,
    7.7860777378082275,
    7.710984230041504,
    7.776247501373291
  ],
  "best_epoch": 45,
  "best_val_loss": 0.2000076211988926,
  "hyperparameters": {
    "model": "UNet",
    "base_channels": 32,
    "depth": 4,
    "batch_size": 4,
    "learning_rate": 0.001,
    "optimizer": "AdamW",
    "scheduler": "CosineAnnealingLR",
    "loss": "BCEWithLogitsLoss + 1.0*DiceLoss",
    "resize": 512,
    "epochs": 50,
    "dataset": "DIC-C2DH-HeLa",
    "sequences": [
      "01",
      "02"
    ],
    "mask_source": "ST",